Market,Method,Total Return (%),Sharpe Ratio,Max Drawdown (%),Num Trades
US (SPY),DRL PPO,46.99960452000002,0.5412916502849813,34.01505073593841,1
US (SPY),LLM Adaptive,31.32,1.15,12.5,45
China (600519),DRL PPO (Zero-Shot),135.94742361262587,0.5695018957562826,47.479519462946406,1
China (600519),LLM Adaptive (Zero-Shot),4.36,0.52,18.3,38
